url,source,added_at,note
https://www.totohot.net/,search:토토사이트,2026-09-30,토토 커뮤니티·보증업체
https://bepick.net/verify/list/totosite,search:토토사이트,2026-09-30,보증업체 리스트
https://www.muktimoon.com/,search:토토사이트,2026-09-30,먹튀검증
https://mtpolice.kr/home/,search:토토사이트,2026-09-30,먹튀폴리스
https://playjournal.co/toto-site/,search:토토사이트,2026-09-30,토토사이트 목록
https://korea1x.com/major-site,search:메이저사이트,2026-09-30,메이저사이트 목록
https://mtpulis.com/,search:메이저사이트,2026-09-30,먹튀검증
https://checkcheck.co.kr/ko-kr/,search:바카라사이트,2026-09-30,카지노 검증
https://kr-casinos.com/casinos/,search:바카라사이트,2026-09-30,카지노 목록
https://www.casinositezone.com/,search:바카라사이트,2026-09-30,카지노 순위
https://casino-moa.com/,search:바카라사이트,2026-09-30,카지노 모음
https://slottalker.com/,search:슬롯사이트,2026-09-30,슬롯 커뮤니티
https://slotnara2.com/,search:슬롯사이트,2026-09-30,슬롯 커뮤니티
https://damdaworld.com/slots,search:슬롯사이트,2026-09-30,슬롯 목록
https://jusotour.com/scam_verify,search:먹튀검증,2026-09-30,먹튀검증
https://mt-spy2.net/,search:먹튀검증,2026-09-30,먹튀검증
https://mtcheck.net/main,search:먹튀검증,2026-09-30,먹튀검증
https://jusopang.net/verify/,search:먹튀검증,2026-09-30,먹튀검증
https://mt-you.com/,search:먹튀검증,2026-09-30,먹튀검증
https://mtplss.com/,search:먹튀검증,2026-09-30,먹튀검증
https://happytoto365.com/,search:먹튀검증,2026-09-30,토토 커뮤니티
https://www.powerballgame.co.kr/,search:파워볼사이트,2026-09-30,파워볼 사이트 목록
https://www.footitalia.com/kr/powerball-site/,search:파워볼사이트,2026-09-30,파워볼 사이트 목록
https://www.casino-dude.com/ko,search:온라인카지노,2026-09-30,카지노 리뷰
https://www.onlinecasinoreports.co.kr/,search:온라인카지노,2026-09-30,카지노 리뷰
https://www.onlinecasino.co.kr/baccarat,search:바카라사이트,2026-09-30,카지노 안내
https://liveman.co.kr/partner/10,search:스포츠토토 사이트 추천,2026-09-30,파트너 목록
https://www.betcle.com/,search:안전놀이터,2026-09-30,검증 커뮤니티(캡처 결과로 재분류)
https://ttdotc.com/,search:안전놀이터,2026-09-30,검증 커뮤니티(캡처 결과로 재분류)
https://spy2.store/,review:candidates,2026-09-30,먹튀스파이 보증업체 목록
https://footballspeak.com/,review:candidates,2026-09-30,토토사이트 추천 TOP10 목록
https://freemoneyguidebook.com/,review:candidates,2026-09-30,꽁머니 가이드(토토 커뮤니티 연계)
